{
  "model": "baseline_logreg",
  "split_boundaries": {
    "train_end": "2023-02",
    "val_end": "2023-07",
    "test_end": "2023-12"
  },
  "train": {
    "auc_roc": 0.9703663793103449,
    "average_precision": 0.9647871976558624,
    "brier_score": 0.06699868760623057,
    "best_f1": 0.9023746701846965,
    "best_precision": 0.9144385026737968,
    "best_recall": 0.890625,
    "best_threshold": 0.48978283174007636,
    "n_samples": 424,
    "positive_rate": 0.4528301886792453
  },
  "val": {
    "auc_roc": 0.9813148788927336,
    "average_precision": 0.9805489073857669,
    "brier_score": 0.0523385339085387,
    "best_f1": 0.9219858156028369,
    "best_precision": 0.8904109589041096,
    "best_recall": 0.9558823529411765,
    "best_threshold": 0.306686082122445,
    "n_samples": 153,
    "positive_rate": 0.4444444444444444
  },
  "test": {
    "auc_roc": 0.9738282586383852,
    "average_precision": 0.973938311852357,
    "brier_score": 0.06238628161023941,
    "best_f1": 0.9299363057324842,
    "best_precision": 0.9358974358974359,
    "best_recall": 0.9240506329113924,
    "best_threshold": 0.5247964853386817,
    "n_samples": 153,
    "positive_rate": 0.5163398692810458
  },
  "artifact_path": "/Users/chivonpowers/emdash-projects/worktrees/long-lamps-follow-2eo/models/artifacts/baseline_logreg.joblib"
}